{
  "$schema": "./mfdevice.schema.json",
  "Info": {
    "Label": "3S Flight Sims I2C",
    "Type": "MOBIFLIGHT_ThreeSFlightSimsI2C",
    "Author": "Save Sabanal",
    "URL": "https://github.com/savesabanal01/",
    "Version": "2.5.1"
  },
  "Config": {
    "Pins": [
      
    ],
    "I2C": {
      "Enabled": true,
      "Addresses": [
        "0x27",
        "0x26",
        "0x25",
        "0x24",
        "0x23",
        "0x22",
        "0x21",
        "0x20"
      ]
    }
  },
  "MessageTypes": [
    {
      "id": 0,
      "label": "Show ASI Air Speed Value",
      "description": "$ will be displayed as Air Speed value"
    },
    {
      "id": 1,
      "label": "Show ASI Instrument Brightness Value",
      "description": "$ will be displayed ASI Instrument Value"
    },
    {
      "id": 2,
      "label": "Show TC Turn Angle Value",
      "description": "$ will be displayed as Turn Angle Value"
    },
    {
      "id": 3,
      "label": "Show TC Slip Degree Value",
      "description": "$ will be displayed as Slip Degree Value"
    },
    {
      "id": 4,
      "label": "Show TC Instrument Brightness Value",
      "description": "$ will be displayed TC Instrument Brightness Value"
    }
  ]
}
